timestamp,condition,target_label,predicted_label,correct,confidence,hand_detected,predict_ms
2026-08-02T11:32:17.543699,bright_light,A,A,True,0.985,True,77.3
2026-08-02T11:32:27.832547,bright_light,B,B,True,0.995,True,46.8
2026-08-02T11:32:35.246231,bright_light,C,C,True,0.925,True,47.1
2026-08-02T11:32:43.380491,bright_light,D,D,True,0.91,True,46.8
2026-08-02T11:32:55.453673,bright_light,E,E,True,0.975,True,43.5
2026-08-02T11:33:57.024981,bright_light,F,F,True,0.975,True,46.0
2026-08-02T11:34:36.224951,bright_light,G,G,True,1.0,True,78.8
2026-08-02T11:35:11.512969,bright_light,H,H,True,0.99,True,59.1
2026-08-02T11:35:38.258348,bright_light,I,I,True,0.915,True,45.0
2026-08-02T11:35:58.977556,bright_light,J,I,False,0.57,True,58.9
2026-08-02T11:36:22.643676,bright_light,K,K,True,0.985,True,50.3
2026-08-02T11:36:37.671761,bright_light,L,L,True,0.985,True,50.7
2026-08-02T11:37:02.842733,bright_light,M,M,True,0.985,True,59.4
2026-08-02T11:37:07.144983,bright_light,N,N,True,0.91,True,99.0
2026-08-02T11:37:12.632656,bright_light,O,O,True,0.83,True,68.6
2026-08-02T11:38:53.371095,bright_light,P,P,True,0.995,True,49.7
2026-08-02T11:39:17.492387,bright_light,Q,Q,True,0.67,True,45.4
2026-08-02T11:39:45.037827,bright_light,R,U,False,0.43,True,49.9
2026-08-02T11:40:03.271291,bright_light,S,S,True,0.985,True,46.4
2026-08-02T11:40:27.940748,bright_light,T,T,True,0.62,True,51.4
2026-08-02T11:40:44.842797,bright_light,U,U,True,0.7,True,46.4
2026-08-02T11:41:00.849916,bright_light,V,V,True,0.955,True,47.4
2026-08-02T11:41:21.205347,bright_light,W,W,True,0.995,True,57.8
2026-08-02T11:41:35.673226,bright_light,X,X,True,0.825,True,46.5
2026-08-02T11:41:44.722211,bright_light,Y,Y,True,0.98,True,46.5
2026-08-02T11:42:05.302708,bright_light,Z,Z,True,0.835,True,46.3
2026-08-02T11:43:19.731228,cluttered_bg,A,A,True,0.97,True,48.3
2026-08-02T11:43:24.681381,cluttered_bg,B,B,True,1.0,True,45.3
2026-08-02T11:43:30.470601,cluttered_bg,C,C,True,0.96,True,45.5
2026-08-02T11:43:54.767260,cluttered_bg,D,D,True,0.975,True,51.2
2026-08-02T11:43:59.481419,cluttered_bg,E,E,True,0.94,True,44.8
2026-08-02T11:44:04.358411,cluttered_bg,F,F,True,1.0,True,44.4
2026-08-02T11:44:28.929971,cluttered_bg,G,G,True,1.0,True,44.2
2026-08-02T11:44:56.887310,cluttered_bg,H,H,True,0.975,True,45.0
2026-08-02T11:45:17.881626,cluttered_bg,I,I,True,1.0,True,43.0
2026-08-02T11:46:03.228065,cluttered_bg,K,K,True,0.505,True,45.4
2026-08-02T11:46:15.599254,cluttered_bg,L,L,True,0.99,True,43.4
2026-08-02T11:46:24.002547,cluttered_bg,M,M,True,1.0,True,44.4
2026-08-02T11:46:31.898833,cluttered_bg,N,N,True,0.99,True,44.4
2026-08-02T11:46:37.898974,cluttered_bg,O,O,True,0.905,True,46.9
2026-08-02T11:46:52.209456,cluttered_bg,P,P,True,0.99,True,45.0
2026-08-02T11:47:21.645883,cluttered_bg,Q,del,False,0.485,True,46.4
2026-08-02T11:47:34.333881,cluttered_bg,R,U,False,0.595,True,44.3
2026-08-02T11:47:42.343685,cluttered_bg,S,S,True,0.995,True,48.3
2026-08-02T11:47:53.100913,cluttered_bg,T,T,True,0.755,True,47.8
2026-08-02T11:47:59.457746,cluttered_bg,U,U,True,0.82,True,49.0
2026-08-02T11:48:05.382533,cluttered_bg,V,V,True,0.925,True,47.0
2026-08-02T11:48:10.429128,cluttered_bg,W,W,True,1.0,True,44.6
2026-08-02T11:48:17.766961,cluttered_bg,X,X,True,0.8,True,49.7
2026-08-02T11:48:21.210631,cluttered_bg,Y,Y,True,0.995,True,48.2
2026-08-02T11:48:45.610169,cluttered_bg,Z,Z,True,0.895,True,45.4
2026-08-02T11:49:29.696083,tilted_hand,A,A,True,0.855,True,49.0
2026-08-02T11:49:35.351587,tilted_hand,B,B,True,0.505,True,43.6
2026-08-02T11:49:40.695200,tilted_hand,C,C,True,0.835,True,43.4
2026-08-02T11:49:48.760923,tilted_hand,D,D,True,0.98,True,49.0
2026-08-02T11:49:53.700731,tilted_hand,E,E,True,0.975,True,50.0
2026-08-02T11:50:06.640436,tilted_hand,F,F,True,0.42,True,47.9
2026-08-02T11:50:17.677424,tilted_hand,G,G,True,1.0,True,47.3
2026-08-02T11:50:42.027140,tilted_hand,H,H,True,1.0,True,44.2
2026-08-02T11:50:57.397312,tilted_hand,I,I,True,0.85,True,52.0
2026-08-02T11:51:10.144247,tilted_hand,K,K,True,0.685,True,48.2
2026-08-02T11:51:18.777361,tilted_hand,L,L,True,0.93,True,50.5
2026-08-02T11:51:26.606925,tilted_hand,M,M,True,1.0,True,48.9
2026-08-02T11:51:31.425288,tilted_hand,N,N,True,0.94,True,47.0
2026-08-02T11:51:37.237043,tilted_hand,O,O,True,0.98,True,51.1
2026-08-02T11:51:58.015417,tilted_hand,P,P,True,0.545,True,55.6
2026-08-02T11:52:23.763311,tilted_hand,Q,Q,True,0.885,True,49.1
2026-08-02T11:52:42.095980,tilted_hand,R,U,False,0.615,True,49.2
2026-08-02T11:52:49.510378,tilted_hand,S,S,True,0.99,True,47.2
2026-08-02T11:52:57.336302,tilted_hand,T,T,True,0.95,True,48.6
2026-08-02T11:53:04.251686,tilted_hand,U,U,True,0.83,True,48.6
2026-08-02T11:53:08.924875,tilted_hand,V,V,True,0.95,True,48.6
2026-08-02T11:53:13.607371,tilted_hand,W,W,True,0.905,True,47.7
2026-08-02T11:53:21.606487,tilted_hand,X,X,True,0.705,True,48.5
2026-08-02T11:53:24.407929,tilted_hand,Y,Y,True,0.985,True,52.3
2026-08-02T11:53:34.220905,tilted_hand,Z,Z,True,0.385,True,51.7
2026-08-02T11:54:48.217367,dim_light,A,A,True,0.97,True,48.9
2026-08-02T11:54:52.468439,dim_light,B,B,True,1.0,True,44.1
2026-08-02T11:54:56.693286,dim_light,C,C,True,0.96,True,45.7
2026-08-02T11:55:02.256093,dim_light,D,D,True,0.955,True,45.7
2026-08-02T11:55:05.450669,dim_light,E,E,True,0.945,True,44.5
2026-08-02T11:55:09.775775,dim_light,F,F,True,0.96,True,43.6
2026-08-02T11:55:14.472291,dim_light,G,G,True,0.99,True,43.9
2026-08-02T11:55:19.489987,dim_light,H,H,True,1.0,True,44.9
2026-08-02T11:55:33.050810,dim_light,I,I,True,0.985,True,46.3
2026-08-02T11:55:53.032844,dim_light,K,K,True,0.97,True,52.0
2026-08-02T11:55:59.817290,dim_light,L,L,True,0.98,True,45.6
2026-08-02T11:56:07.031815,dim_light,M,M,True,0.865,True,47.7
2026-08-02T11:56:12.915364,dim_light,N,N,True,0.92,True,43.6
2026-08-02T11:56:16.964897,dim_light,O,O,True,0.985,True,45.5
2026-08-02T11:56:26.572781,dim_light,P,P,True,0.705,True,52.7
2026-08-02T11:56:40.865336,dim_light,Q,Q,True,0.89,True,43.5
2026-08-02T11:57:00.833534,dim_light,R,R,True,0.5,True,47.7
2026-08-02T11:57:05.471708,dim_light,S,S,True,0.925,True,46.1
2026-08-02T11:57:12.887986,dim_light,T,T,True,0.97,True,46.5
2026-08-02T11:57:27.713888,dim_light,U,U,True,0.615,True,45.2
2026-08-02T11:57:31.250770,dim_light,V,V,True,0.755,True,46.4
2026-08-02T11:57:35.549396,dim_light,W,W,True,1.0,True,48.9
2026-08-02T11:57:40.743153,dim_light,X,X,True,0.755,True,45.3
2026-08-02T11:57:44.870355,dim_light,Y,Y,True,0.99,True,47.0
2026-08-02T11:57:49.148236,dim_light,Z,Z,True,0.86,True,45.1
2026-08-02T15:06:13.721330,dim_light,A,A,True,0.935,True,47.6
2026-08-02T15:06:18.978439,dim_light,B,B,True,1.0,True,48.8
2026-08-02T15:06:25.364152,dim_light,C,C,True,0.945,True,43.8
2026-08-02T15:07:05.079966,dim_light,D,D,True,0.985,True,43.7
2026-08-02T15:07:12.644810,dim_light,E,E,True,1.0,True,44.3
2026-08-02T15:07:23.335739,dim_light,F,F,True,0.99,True,45.5
2026-08-02T15:07:36.002660,dim_light,G,G,True,1.0,True,43.9
2026-08-02T15:07:47.987067,dim_light,H,H,True,0.985,True,44.5
2026-08-02T15:07:59.836900,dim_light,I,I,True,0.87,True,43.4
2026-08-02T15:08:33.275040,dim_light,J,I,False,0.975,True,44.4
2026-08-02T15:08:52.233336,dim_light,K,V,False,0.645,True,47.1
2026-08-02T15:09:07.561108,dim_light,L,L,True,1.0,True,43.9
2026-08-02T15:09:17.785856,dim_light,M,M,True,1.0,True,43.9
2026-08-02T15:09:26.853185,dim_light,N,N,True,1.0,True,44.9
2026-08-02T15:09:31.973440,dim_light,O,O,True,0.92,True,45.7
2026-08-02T15:09:43.566547,dim_light,P,P,True,0.98,True,43.6
2026-08-02T15:10:05.583145,dim_light,Q,Q,True,0.99,True,54.0
2026-08-02T15:10:31.149308,dim_light,R,R,True,0.485,True,46.5
2026-08-02T15:10:37.014822,dim_light,S,S,True,0.98,True,44.4
2026-08-02T15:10:51.137469,dim_light,T,T,True,0.505,True,45.7
2026-08-02T15:11:05.352543,dim_light,U,U,True,0.76,True,45.6
2026-08-02T15:11:12.114656,dim_light,V,V,True,0.845,True,45.6
2026-08-02T15:11:20.947672,dim_light,W,W,True,1.0,True,46.2
2026-08-02T15:11:30.943209,dim_light,X,X,True,0.75,True,48.1
2026-08-02T15:11:37.581785,dim_light,Y,Y,True,0.995,True,45.2
2026-08-02T15:11:43.785894,dim_light,Z,Z,True,0.925,True,47.0
2026-08-02T15:12:15.336859,dim_light,A,A,True,0.995,True,46.0
2026-08-02T15:12:22.467857,dim_light,B,B,True,0.995,True,47.8
2026-08-02T15:12:32.481806,dim_light,C,C,True,0.905,True,45.2
2026-08-02T15:12:42.082510,dim_light,D,D,True,0.98,True,45.7
2026-08-02T15:12:50.378900,dim_light,E,E,True,0.995,True,43.4
2026-08-02T15:12:58.988006,dim_light,F,F,True,0.995,True,45.1
2026-08-02T15:13:09.427684,dim_light,G,G,True,0.995,True,45.0
2026-08-02T15:13:31.502875,dim_light,H,H,True,1.0,True,44.1
2026-08-02T15:13:40.244827,dim_light,I,I,True,1.0,True,45.0
2026-08-02T15:13:47.116371,dim_light,J,J,True,0.99,True,44.4
2026-08-02T15:14:02.716502,dim_light,K,K,True,0.98,True,42.2
2026-08-02T15:14:11.169496,dim_light,L,L,True,0.975,True,46.5
2026-08-02T15:14:16.518784,dim_light,M,M,True,0.995,True,54.9
2026-08-02T15:14:23.016399,dim_light,N,N,True,0.91,True,45.2
2026-08-02T15:14:26.727060,dim_light,O,O,True,0.91,True,44.5
2026-08-02T15:14:37.762696,dim_light,P,P,True,0.905,True,45.3
2026-08-02T15:14:48.629871,dim_light,Q,Q,True,0.97,True,43.7
2026-08-02T15:15:03.017302,dim_light,R,U,False,0.445,True,45.9
2026-08-02T15:15:08.180334,dim_light,S,S,True,0.98,True,46.1
2026-08-02T15:15:24.002800,dim_light,T,T,True,0.855,True,45.4
2026-08-02T15:15:33.200462,dim_light,U,U,True,0.75,True,43.3
2026-08-02T15:15:38.058694,dim_light,V,V,True,0.9,True,47.3
2026-08-02T15:15:46.894177,dim_light,W,W,True,1.0,True,45.6
2026-08-02T15:15:56.500439,dim_light,X,X,True,0.795,True,44.9
2026-08-02T15:16:00.893331,dim_light,Y,Y,True,0.995,True,43.7
2026-08-02T15:16:07.775090,dim_light,Z,Z,True,0.85,True,47.6
2026-08-02T15:16:31.073152,dim_light,A,A,True,0.985,True,49.1
2026-08-02T15:16:36.194014,dim_light,B,B,True,1.0,True,44.4
2026-08-02T15:16:39.772720,dim_light,C,C,True,0.935,True,43.7
2026-08-02T15:16:46.126770,dim_light,D,D,True,0.97,True,46.7
2026-08-02T15:16:52.991019,dim_light,E,E,True,1.0,True,44.4
2026-08-02T15:16:59.089939,dim_light,F,F,True,0.99,True,47.2
2026-08-02T15:17:04.532490,dim_light,G,G,True,0.99,True,43.4
2026-08-02T15:17:19.908437,dim_light,H,H,True,0.28,True,44.4
2026-08-02T15:17:27.771957,dim_light,I,I,True,1.0,True,45.7
2026-08-02T15:17:33.136331,dim_light,J,J,True,0.97,True,42.5
2026-08-02T15:17:44.941737,dim_light,K,K,True,0.805,True,44.5
2026-08-02T15:17:52.393368,dim_light,L,L,True,1.0,True,44.1
2026-08-02T15:17:57.978836,dim_light,M,M,True,0.98,True,52.1
2026-08-02T15:18:04.632942,dim_light,N,N,True,0.985,True,55.1
2026-08-02T15:18:08.739996,dim_light,O,O,True,0.755,True,52.4
2026-08-02T15:18:16.347398,dim_light,P,P,True,0.945,True,44.0
2026-08-02T15:18:26.274739,dim_light,Q,Q,True,0.535,True,44.5
2026-08-02T15:18:47.245397,dim_light,R,U,False,0.395,True,46.7
2026-08-02T15:18:54.648270,dim_light,S,S,True,0.945,True,46.0
2026-08-02T15:19:00.525513,dim_light,T,T,True,0.61,True,43.8
2026-08-02T15:19:09.666480,dim_light,U,U,True,0.83,True,45.5
2026-08-02T15:19:15.606778,dim_light,V,V,True,0.86,True,45.9
2026-08-02T15:19:21.071440,dim_light,W,W,True,0.99,True,45.5
2026-08-02T15:19:30.621254,dim_light,X,X,True,0.94,True,49.5
2026-08-02T15:19:37.799312,dim_light,Y,Y,True,0.99,True,109.0
2026-08-02T15:19:43.520767,dim_light,Z,Z,True,0.93,True,49.4
2026-08-02T15:20:51.625358,dim_light,A,A,True,0.95,True,43.4
2026-08-02T15:20:56.451005,dim_light,B,B,True,0.905,True,47.7
2026-08-02T15:21:01.159493,dim_light,C,C,True,0.77,True,44.1
2026-08-02T15:21:07.568397,dim_light,D,D,True,0.99,True,45.6
2026-08-02T15:21:14.292251,dim_light,E,E,True,0.985,True,47.2
2026-08-02T15:21:21.335261,dim_light,F,F,True,1.0,True,45.6
2026-08-02T15:21:29.751843,dim_light,G,G,True,0.99,True,46.5
2026-08-02T15:21:39.351329,dim_light,H,H,True,0.985,True,44.4
2026-08-02T15:21:44.872411,dim_light,I,I,True,0.975,True,45.1
2026-08-02T15:21:50.918598,dim_light,J,J,True,0.775,True,48.2
2026-08-02T15:22:43.633645,dim_light,K,K,True,0.855,True,46.1
2026-08-02T15:22:53.303266,dim_light,L,L,True,1.0,True,47.2
2026-08-02T15:22:58.301571,dim_light,M,M,True,0.975,True,60.5
2026-08-02T15:23:03.442925,dim_light,N,N,True,0.985,True,45.3
2026-08-02T15:23:10.050773,dim_light,O,O,True,0.875,True,55.2
2026-08-02T15:23:15.799615,dim_light,P,P,True,0.96,True,47.0
2026-08-02T15:23:27.151458,dim_light,Q,Q,True,0.485,True,47.9
2026-08-02T15:23:50.965486,dim_light,R,U,False,0.42,True,55.6
2026-08-02T15:23:55.867895,dim_light,S,S,True,0.905,True,56.0
2026-08-02T15:24:03.165647,dim_light,T,T,True,0.945,True,49.9
2026-08-02T15:24:10.398128,dim_light,U,U,True,0.695,True,44.0
2026-08-02T15:24:14.280287,dim_light,V,V,True,0.835,True,51.2
2026-08-02T15:24:19.407608,dim_light,W,W,True,1.0,True,49.6
2026-08-02T15:24:25.414659,dim_light,X,X,True,0.495,True,45.2
2026-08-02T15:24:28.496871,dim_light,Y,Y,True,0.99,True,44.4
2026-08-02T15:24:31.681793,dim_light,Z,Z,True,0.945,True,49.3
2026-08-02T15:24:48.579667,dim_light,A,A,True,0.97,True,51.0
2026-08-02T15:24:51.604653,dim_light,B,B,True,0.965,True,46.2
2026-08-02T15:24:56.050156,dim_light,C,C,True,0.6,True,47.7
2026-08-02T15:25:02.464543,dim_light,D,D,True,0.94,True,47.1
2026-08-02T15:25:09.468018,dim_light,E,E,True,0.97,True,56.0
2026-08-02T15:25:13.897091,dim_light,F,F,True,0.945,True,50.0
2026-08-02T15:25:21.382337,dim_light,G,G,True,0.94,True,51.1
2026-08-02T15:25:26.996782,dim_light,H,H,True,0.395,True,44.9
2026-08-02T15:25:31.447405,dim_light,I,I,True,0.97,True,48.2
2026-08-02T15:25:37.680676,dim_light,J,J,True,0.83,True,44.8
2026-08-02T15:25:43.879799,dim_light,K,K,True,0.875,True,48.1
2026-08-02T15:25:50.767105,dim_light,L,L,True,0.995,True,46.1
2026-08-02T15:25:54.762581,dim_light,M,M,True,0.95,True,55.2
2026-08-02T15:25:59.935807,dim_light,N,N,True,0.9,True,48.1
2026-08-02T15:26:03.617833,dim_light,O,O,True,0.98,True,52.8
2026-08-02T15:26:08.313030,dim_light,P,P,True,0.9,True,47.0
2026-08-02T15:26:17.964761,dim_light,Q,Q,True,0.65,True,45.9
2026-08-02T15:26:23.129192,dim_light,R,R,True,0.84,True,48.2
2026-08-02T15:26:26.996053,dim_light,S,S,True,1.0,True,46.3
2026-08-02T15:26:32.145660,dim_light,T,T,True,0.89,True,49.2
2026-08-02T15:26:36.462585,dim_light,U,U,True,0.82,True,47.3
2026-08-02T15:26:40.251187,dim_light,V,V,True,0.935,True,46.1
2026-08-02T15:26:44.921153,dim_light,W,W,True,0.96,True,47.2
2026-08-02T15:26:55.012354,dim_light,X,X,True,0.51,True,49.6
2026-08-02T15:26:58.813311,dim_light,Y,Y,True,0.98,True,43.5
2026-08-02T15:27:02.427964,dim_light,Z,Z,True,0.98,True,46.4
2026-08-02T15:27:37.445082,tilted_hand,A,A,True,1.0,True,46.8
2026-08-02T15:27:41.963462,tilted_hand,B,B,True,0.995,True,45.5
2026-08-02T15:27:45.852387,tilted_hand,C,C,True,0.97,True,45.3
2026-08-02T15:27:49.694002,tilted_hand,D,D,True,0.64,True,45.9
2026-08-02T15:27:53.277035,tilted_hand,E,E,True,1.0,True,44.0
2026-08-02T15:27:59.246643,tilted_hand,F,F,True,0.835,True,42.4
2026-08-02T15:28:05.182692,tilted_hand,G,G,True,0.625,True,43.2
2026-08-02T15:28:09.964577,tilted_hand,H,H,True,0.42,True,44.5
2026-08-02T15:28:15.176838,tilted_hand,I,I,True,1.0,True,50.4
2026-08-02T15:28:18.492220,tilted_hand,J,J,True,0.59,True,46.1
2026-08-02T15:28:25.293165,tilted_hand,K,K,True,0.875,True,49.5
2026-08-02T15:28:30.341851,tilted_hand,L,L,True,0.895,True,47.3
2026-08-02T15:28:35.453005,tilted_hand,M,M,True,0.965,True,47.1
2026-08-02T15:28:39.609545,tilted_hand,N,N,True,0.935,True,47.4
2026-08-02T15:28:43.748748,tilted_hand,O,O,True,0.79,True,44.5
2026-08-02T15:28:48.963874,tilted_hand,P,P,True,0.755,True,50.1
2026-08-02T15:28:55.797161,tilted_hand,Q,Q,True,0.745,True,44.7
2026-08-02T15:29:00.113690,tilted_hand,R,R,True,0.605,True,51.3
2026-08-02T15:29:04.027392,tilted_hand,S,S,True,0.99,True,44.9
2026-08-02T15:29:11.692452,tilted_hand,T,T,True,0.72,True,51.4
2026-08-02T15:29:17.063180,tilted_hand,U,U,True,0.825,True,46.2
2026-08-02T15:29:20.397782,tilted_hand,V,V,True,0.87,True,47.0
2026-08-02T15:29:23.401781,tilted_hand,W,W,True,0.635,True,45.0
2026-08-02T15:29:29.042800,tilted_hand,X,X,True,0.565,True,44.9
2026-08-02T15:29:32.258948,tilted_hand,Y,Y,True,1.0,True,49.8
2026-08-02T15:29:34.931217,tilted_hand,Z,Z,True,0.93,True,47.8
2026-08-02T15:29:46.591644,tilted_hand,A,A,True,0.945,True,55.4
2026-08-02T15:29:50.211363,tilted_hand,B,W,False,0.425,True,48.0
2026-08-02T15:29:56.828709,tilted_hand,C,C,True,0.845,True,45.4
2026-08-02T15:30:08.475378,tilted_hand,D,D,True,0.995,True,47.3
2026-08-02T15:30:11.881288,tilted_hand,E,E,True,1.0,True,46.8
2026-08-02T15:30:19.397197,tilted_hand,F,F,True,0.89,True,46.1
2026-08-02T15:30:24.883981,tilted_hand,G,G,True,0.995,True,45.1
2026-08-02T15:30:29.310465,tilted_hand,H,H,True,0.705,True,47.0
2026-08-02T15:30:33.022770,tilted_hand,I,I,True,0.995,True,47.0
2026-08-02T15:30:36.297792,tilted_hand,J,J,True,0.565,True,45.7
2026-08-02T15:30:42.777451,tilted_hand,K,K,True,0.725,True,46.1
2026-08-02T15:30:47.540176,tilted_hand,L,L,True,0.985,True,47.8
2026-08-02T15:30:54.023863,tilted_hand,M,M,True,0.945,True,45.7
2026-08-02T15:30:58.830329,tilted_hand,N,N,True,0.915,True,51.5
2026-08-02T15:31:02.545287,tilted_hand,O,O,True,0.985,True,51.8
2026-08-02T15:31:08.111300,tilted_hand,P,P,True,0.885,True,48.8
2026-08-02T15:31:13.999653,tilted_hand,Q,,False,0.0,False,
2026-08-02T15:31:49.772239,tilted_hand,R,R,True,0.7,True,52.4
2026-08-02T15:31:53.242516,tilted_hand,S,S,True,0.995,True,56.8
2026-08-02T15:32:02.427110,tilted_hand,T,T,True,0.89,True,47.6
2026-08-02T15:32:06.387540,tilted_hand,U,U,True,0.955,True,47.6
2026-08-02T15:32:09.808577,tilted_hand,V,V,True,0.785,True,47.8
2026-08-02T15:32:13.748352,tilted_hand,W,W,True,1.0,True,45.9
2026-08-02T15:32:18.005138,tilted_hand,X,X,True,0.455,True,47.7
2026-08-02T15:32:23.126466,tilted_hand,Y,Y,True,0.995,True,47.8
2026-08-02T15:32:27.773888,tilted_hand,Z,Z,True,0.96,True,50.5
2026-08-02T15:33:19.587457,tilted_hand,A,A,True,0.98,True,50.1
2026-08-02T15:33:22.454275,tilted_hand,B,B,True,0.98,True,49.2
2026-08-02T15:33:27.267975,tilted_hand,C,O,False,0.39,True,48.9
2026-08-02T15:33:36.046149,tilted_hand,D,D,True,0.98,True,42.7
2026-08-02T15:33:39.889192,tilted_hand,E,E,True,1.0,True,44.3
2026-08-02T15:33:42.947189,tilted_hand,F,F,True,0.975,True,43.2
2026-08-02T15:33:46.877467,tilted_hand,G,G,True,0.995,True,43.0
2026-08-02T15:33:51.573892,tilted_hand,H,H,True,0.97,True,45.3
2026-08-02T15:33:56.106781,tilted_hand,I,I,True,0.995,True,42.1
2026-08-02T15:33:59.310381,tilted_hand,J,J,True,0.77,True,43.8
2026-08-02T15:34:05.511299,tilted_hand,K,K,True,0.975,True,44.6
2026-08-02T15:34:08.875186,tilted_hand,L,L,True,0.99,True,47.4
2026-08-02T15:34:11.960641,tilted_hand,M,M,True,0.99,True,49.1
2026-08-02T15:34:17.073801,tilted_hand,N,N,True,0.985,True,43.2
2026-08-02T15:34:20.206617,tilted_hand,O,O,True,0.96,True,50.0
2026-08-02T15:34:24.040371,tilted_hand,P,P,True,0.73,True,44.8
2026-08-02T15:34:29.419794,tilted_hand,Q,Q,True,0.705,True,43.1
2026-08-02T15:34:33.938422,tilted_hand,R,R,True,0.835,True,85.9
2026-08-02T15:34:36.557382,tilted_hand,S,S,True,0.985,True,51.4
2026-08-02T15:34:42.152568,tilted_hand,T,T,True,0.925,True,48.9
2026-08-02T15:34:45.408850,tilted_hand,U,U,True,0.86,True,43.4
2026-08-02T15:34:47.975591,tilted_hand,V,V,True,0.885,True,47.2
2026-08-02T15:34:50.604647,tilted_hand,W,W,True,1.0,True,51.5
2026-08-02T15:34:54.558449,tilted_hand,X,X,True,0.465,True,47.8
2026-08-02T15:34:57.327593,tilted_hand,Y,Y,True,1.0,True,51.6
2026-08-02T15:34:59.653231,tilted_hand,Z,Z,True,0.95,True,46.4
2026-08-02T15:35:25.946823,tilted_hand,A,A,True,0.985,True,52.1
2026-08-02T15:35:28.617911,tilted_hand,B,B,True,1.0,True,48.6
2026-08-02T15:35:31.752646,tilted_hand,C,C,True,0.97,True,51.2
2026-08-02T15:35:36.423016,tilted_hand,D,D,True,0.99,True,50.1
2026-08-02T15:35:38.874418,tilted_hand,E,E,True,0.995,True,47.7
2026-08-02T15:35:42.392957,tilted_hand,F,F,True,0.995,True,47.2
2026-08-02T15:35:45.536905,tilted_hand,G,G,True,0.74,True,52.3
2026-08-02T15:35:49.168913,tilted_hand,H,H,True,0.96,True,51.8
2026-08-02T15:35:52.218039,tilted_hand,I,I,True,0.99,True,58.4
2026-08-02T15:35:55.657451,tilted_hand,J,I,False,0.395,True,57.7
2026-08-02T15:36:02.968901,tilted_hand,K,K,True,0.92,True,48.1
2026-08-02T15:36:06.636290,tilted_hand,L,L,True,1.0,True,54.9
2026-08-02T15:36:10.009767,tilted_hand,M,M,True,0.99,True,46.9
2026-08-02T15:36:25.183760,tilted_hand,N,N,True,0.98,True,46.7
2026-08-02T15:36:28.083744,tilted_hand,O,O,True,0.975,True,45.7
2026-08-02T15:36:32.625018,tilted_hand,P,P,True,0.85,True,55.4
2026-08-02T15:36:40.826723,tilted_hand,Q,Q,True,0.605,True,46.8
2026-08-02T15:36:45.337058,tilted_hand,R,U,False,0.605,True,44.9
2026-08-02T15:36:48.486703,tilted_hand,S,S,True,0.83,True,51.2
2026-08-02T15:36:53.283109,tilted_hand,T,T,True,0.88,True,48.8
2026-08-02T15:36:56.699332,tilted_hand,U,U,True,0.735,True,50.1
2026-08-02T15:36:59.234974,tilted_hand,V,V,True,0.875,True,53.7
2026-08-02T15:37:02.399299,tilted_hand,W,W,True,1.0,True,51.3
2026-08-02T15:37:06.316419,tilted_hand,X,X,True,0.855,True,51.1
2026-08-02T15:37:08.936630,tilted_hand,Y,Y,True,0.975,True,48.9
2026-08-02T15:37:13.412092,tilted_hand,Z,Z,True,0.925,True,47.9
2026-08-02T15:37:34.338624,tilted_hand,A,A,True,0.99,True,50.3
2026-08-02T15:37:38.184433,tilted_hand,B,B,True,1.0,True,46.3
2026-08-02T15:37:40.588568,tilted_hand,C,C,True,0.96,True,45.6
2026-08-02T15:37:47.622321,tilted_hand,D,D,True,0.985,True,45.2
2026-08-02T15:37:50.149284,tilted_hand,E,E,True,1.0,True,44.6
2026-08-02T15:37:52.872285,tilted_hand,F,F,True,1.0,True,54.3
2026-08-02T15:37:58.398077,tilted_hand,G,G,True,0.98,True,47.6
2026-08-02T15:38:01.815356,tilted_hand,H,H,True,0.96,True,46.0
2026-08-02T15:38:05.081377,tilted_hand,I,I,True,0.955,True,48.1
2026-08-02T15:38:10.513546,tilted_hand,J,J,True,0.6,True,47.1
2026-08-02T15:38:15.448079,tilted_hand,K,K,True,0.96,True,55.0
2026-08-02T15:38:20.721602,tilted_hand,L,L,True,0.99,True,47.8
2026-08-02T15:38:23.966977,tilted_hand,M,M,True,0.985,True,47.8
2026-08-02T15:38:26.603036,tilted_hand,N,N,True,0.995,True,51.2
2026-08-02T15:38:29.664528,tilted_hand,O,O,True,0.98,True,47.8
2026-08-02T15:38:34.973942,tilted_hand,P,P,True,0.835,True,55.0
2026-08-02T15:38:39.855614,tilted_hand,Q,Q,True,0.56,True,46.1
2026-08-02T15:38:44.472444,tilted_hand,R,U,False,0.7,True,49.3
2026-08-02T15:38:47.421430,tilted_hand,S,S,True,0.905,True,49.3
2026-08-02T15:38:50.664063,tilted_hand,T,T,True,0.97,True,47.0
2026-08-02T15:38:55.112607,tilted_hand,U,U,True,0.795,True,51.4
2026-08-02T15:38:58.195858,tilted_hand,V,V,True,0.945,True,48.2
2026-08-02T15:39:01.302283,tilted_hand,W,W,True,0.995,True,48.1
2026-08-02T15:39:05.473373,tilted_hand,X,X,True,0.84,True,47.8
2026-08-02T15:39:08.047080,tilted_hand,Y,Y,True,1.0,True,47.7
2026-08-02T15:39:10.607156,tilted_hand,Z,Z,True,0.955,True,48.7
2026-08-02T15:40:00.015900,cluttered_bg,A,A,True,0.995,True,55.1
2026-08-02T15:40:02.632097,cluttered_bg,B,B,True,1.0,True,51.2
2026-08-02T15:40:05.136133,cluttered_bg,C,C,True,0.945,True,44.2
2026-08-02T15:40:11.172331,cluttered_bg,D,D,True,1.0,True,43.8
2026-08-02T15:40:13.911997,cluttered_bg,E,E,True,0.93,True,44.0
2026-08-02T15:40:16.331134,cluttered_bg,F,F,True,0.99,True,45.6
2026-08-02T15:40:20.910962,cluttered_bg,G,G,True,0.985,True,45.9
2026-08-02T15:40:25.471031,cluttered_bg,H,H,True,0.975,True,47.2
2026-08-02T15:40:28.627422,cluttered_bg,I,I,True,0.99,True,47.5
2026-08-02T15:40:32.732165,cluttered_bg,J,J,True,0.68,True,47.2
2026-08-02T15:40:40.061644,cluttered_bg,K,K,True,0.86,True,48.1
2026-08-02T15:40:43.732707,cluttered_bg,L,L,True,1.0,True,49.3
2026-08-02T15:40:48.353290,cluttered_bg,M,M,True,0.985,True,49.5
2026-08-02T15:40:52.768704,cluttered_bg,N,N,True,0.995,True,51.5
2026-08-02T15:40:55.553132,cluttered_bg,O,O,True,0.89,True,47.6
2026-08-02T15:41:00.039219,cluttered_bg,P,P,True,0.805,True,60.2
2026-08-02T15:41:25.327284,cluttered_bg,Q,Q,True,0.565,True,47.7
2026-08-02T15:41:32.900421,cluttered_bg,R,U,False,0.67,True,47.9
2026-08-02T15:41:35.744203,cluttered_bg,S,S,True,0.99,True,48.4
2026-08-02T15:41:38.951376,cluttered_bg,T,T,True,0.86,True,52.4
2026-08-02T15:41:41.893020,cluttered_bg,U,U,True,0.74,True,51.4
2026-08-02T15:41:45.216110,cluttered_bg,V,V,True,0.945,True,47.3
2026-08-02T15:41:48.710440,cluttered_bg,W,W,True,1.0,True,49.7
2026-08-02T15:41:59.568866,cluttered_bg,X,X,True,0.88,True,48.0
2026-08-02T15:42:02.184709,cluttered_bg,Y,Y,True,0.98,True,49.4
2026-08-02T15:42:04.784248,cluttered_bg,Z,Z,True,0.95,True,49.7
2026-08-02T15:42:20.558061,cluttered_bg,A,A,True,0.995,True,51.8
2026-08-02T15:42:23.910417,cluttered_bg,B,B,True,0.99,True,49.3
2026-08-02T15:42:26.667652,cluttered_bg,C,C,True,0.96,True,50.5
2026-08-02T15:42:36.818300,cluttered_bg,D,D,True,0.985,True,48.3
2026-08-02T15:42:39.352827,cluttered_bg,E,E,True,1.0,True,49.3
2026-08-02T15:42:41.864413,cluttered_bg,F,F,True,0.975,True,58.0
2026-08-02T15:42:49.107881,cluttered_bg,G,G,True,0.98,True,47.1
2026-08-02T15:42:55.742682,cluttered_bg,H,H,True,0.75,True,49.9
2026-08-02T15:43:02.594054,cluttered_bg,I,I,True,0.985,True,45.9
2026-08-02T15:43:06.896758,cluttered_bg,J,J,True,0.91,True,48.7
2026-08-02T15:43:13.069295,cluttered_bg,K,K,True,0.7,True,46.6
2026-08-02T15:43:16.242378,cluttered_bg,L,L,True,0.985,True,60.9
2026-08-02T15:43:19.740600,cluttered_bg,M,M,True,0.995,True,51.7
2026-08-02T15:43:22.727329,cluttered_bg,N,N,True,0.93,True,47.1
2026-08-02T15:43:25.748405,cluttered_bg,O,O,True,0.92,True,48.4
2026-08-02T15:43:38.114687,cluttered_bg,P,P,True,0.355,True,46.3
2026-08-02T15:43:45.306693,cluttered_bg,Q,Q,True,0.71,True,47.0
2026-08-02T15:43:48.324518,cluttered_bg,R,R,True,0.49,True,50.5
2026-08-02T15:43:51.123277,cluttered_bg,S,S,True,0.975,True,49.3
2026-08-02T15:43:55.198625,cluttered_bg,T,T,True,0.93,True,49.0
2026-08-02T15:43:58.409908,cluttered_bg,U,U,True,0.605,True,46.0
2026-08-02T15:44:00.774906,cluttered_bg,V,V,True,0.83,True,48.8
2026-08-02T15:44:05.597145,cluttered_bg,W,W,True,0.99,True,49.7
2026-08-02T15:44:09.207125,cluttered_bg,X,X,True,0.885,True,48.3
2026-08-02T15:44:12.631564,cluttered_bg,Y,Y,True,0.995,True,48.4
2026-08-02T15:44:16.560203,cluttered_bg,Z,Z,True,0.955,True,46.4
2026-08-02T15:44:39.275546,cluttered_bg,A,A,True,0.995,True,49.2
2026-08-02T15:44:42.441197,cluttered_bg,B,B,True,0.995,True,45.2
2026-08-02T15:44:47.073533,cluttered_bg,C,C,True,1.0,True,46.1
2026-08-02T15:44:55.923875,cluttered_bg,D,D,True,0.92,True,45.7
2026-08-02T15:45:00.342818,cluttered_bg,E,E,True,1.0,True,51.2
2026-08-02T15:45:04.876809,cluttered_bg,F,F,True,0.995,True,52.4
2026-08-02T15:45:09.656350,cluttered_bg,G,G,True,0.965,True,49.5
2026-08-02T15:45:17.239331,cluttered_bg,H,H,True,0.98,True,47.3
2026-08-02T15:45:23.991174,cluttered_bg,I,I,True,0.92,True,54.8
2026-08-02T15:45:28.721221,cluttered_bg,J,J,True,0.675,True,48.0
2026-08-02T15:45:35.729377,cluttered_bg,K,K,True,0.905,True,48.6
2026-08-02T15:45:38.755539,cluttered_bg,L,L,True,0.98,True,48.8
2026-08-02T15:45:42.405579,cluttered_bg,M,M,True,0.99,True,47.7
2026-08-02T15:45:46.523611,cluttered_bg,N,N,True,0.86,True,45.0
2026-08-02T15:45:50.588574,cluttered_bg,O,O,True,0.965,True,56.4
2026-08-02T15:45:56.405863,cluttered_bg,P,P,True,0.965,True,50.3
2026-08-02T15:46:02.740917,cluttered_bg,Q,Q,True,0.55,True,47.1
2026-08-02T15:46:06.573934,cluttered_bg,R,R,True,0.555,True,46.9
2026-08-02T15:46:09.955078,cluttered_bg,S,S,True,0.91,True,47.8
2026-08-02T15:46:14.195656,cluttered_bg,T,T,True,0.755,True,48.1
2026-08-02T15:46:16.793800,cluttered_bg,U,U,True,0.78,True,47.7
2026-08-02T15:46:19.179874,cluttered_bg,V,V,True,0.67,True,47.3
2026-08-02T15:46:23.914801,cluttered_bg,W,W,True,0.995,True,51.2
2026-08-02T15:46:29.821204,cluttered_bg,X,X,True,0.87,True,54.5
2026-08-02T15:46:32.355996,cluttered_bg,Y,Y,True,0.985,True,48.8
2026-08-02T15:46:34.728671,cluttered_bg,Z,Z,True,0.905,True,48.1
2026-08-02T15:50:49.338611,cluttered_bg,A,A,True,0.98,True,47.2
2026-08-02T15:50:53.599126,cluttered_bg,B,B,True,0.995,True,46.0
2026-08-02T15:50:56.402347,cluttered_bg,C,C,True,0.98,True,45.5
2026-08-02T15:51:01.469136,cluttered_bg,D,D,True,1.0,True,49.5
2026-08-02T15:51:05.967471,cluttered_bg,E,E,True,0.995,True,45.5
2026-08-02T15:51:09.398831,cluttered_bg,F,F,True,1.0,True,44.8
2026-08-02T15:51:13.874289,cluttered_bg,G,G,True,0.96,True,46.4
2026-08-02T15:51:19.265506,cluttered_bg,H,H,True,1.0,True,46.4
2026-08-02T15:51:23.723004,cluttered_bg,I,I,True,0.985,True,44.7
2026-08-02T15:51:29.172771,cluttered_bg,J,J,True,0.835,True,43.1
2026-08-02T15:51:36.614723,cluttered_bg,K,K,True,0.91,True,45.3
2026-08-02T15:51:44.116594,cluttered_bg,L,L,True,1.0,True,47.8
2026-08-02T15:51:47.792227,cluttered_bg,M,M,True,0.99,True,46.7
2026-08-02T15:51:52.970955,cluttered_bg,N,N,True,1.0,True,46.3
2026-08-02T15:51:57.602360,cluttered_bg,O,O,True,0.975,True,46.5
2026-08-02T15:52:07.571732,cluttered_bg,P,P,True,0.97,True,47.3
2026-08-02T15:52:11.870398,cluttered_bg,Q,Q,True,0.885,True,45.7
2026-08-02T15:52:15.965109,cluttered_bg,R,U,False,0.555,True,43.9
2026-08-02T15:52:19.833506,cluttered_bg,S,S,True,0.98,True,47.9
2026-08-02T15:52:30.339137,cluttered_bg,T,T,True,0.92,True,43.5
2026-08-02T15:52:34.699330,cluttered_bg,U,U,True,0.98,True,51.4
2026-08-02T15:52:37.347100,cluttered_bg,V,V,True,0.955,True,45.2
2026-08-02T15:52:40.222952,cluttered_bg,W,W,True,0.995,True,45.0
2026-08-02T15:52:45.955306,cluttered_bg,X,X,True,0.775,True,42.4
2026-08-02T15:52:48.546726,cluttered_bg,Y,Y,True,0.99,True,46.1
2026-08-02T15:52:52.035069,cluttered_bg,Z,Z,True,0.86,True,43.1
2026-08-02T15:53:07.735203,cluttered_bg,A,A,True,0.995,True,45.8
2026-08-02T15:53:11.012852,cluttered_bg,B,B,True,1.0,True,47.9
2026-08-02T15:53:13.320924,cluttered_bg,C,C,True,0.915,True,43.1
2026-08-02T15:53:22.899398,cluttered_bg,D,D,True,0.985,True,44.9
2026-08-02T15:53:26.055026,cluttered_bg,E,E,True,0.985,True,42.6
2026-08-02T15:53:30.585805,cluttered_bg,F,F,True,0.995,True,44.6
2026-08-02T15:53:41.095914,cluttered_bg,G,G,True,0.845,True,43.7
2026-08-02T15:53:46.096403,cluttered_bg,H,H,True,0.97,True,45.1
2026-08-02T15:53:50.735280,cluttered_bg,I,I,True,0.975,True,42.6
2026-08-02T15:53:57.395210,cluttered_bg,J,J,True,0.525,True,44.5
2026-08-02T15:54:05.711966,cluttered_bg,K,K,True,0.905,True,51.9
2026-08-02T15:54:08.901678,cluttered_bg,L,L,True,0.975,True,51.2
2026-08-02T15:54:12.382050,cluttered_bg,M,M,True,1.0,True,49.2
2026-08-02T15:54:16.161957,cluttered_bg,N,N,True,0.915,True,45.7
2026-08-02T15:54:19.412215,cluttered_bg,O,O,True,0.97,True,48.6
2026-08-02T15:54:23.244913,cluttered_bg,P,P,True,0.99,True,49.0
2026-08-02T15:54:35.919664,cluttered_bg,Q,Q,True,0.335,True,57.9
2026-08-02T15:54:48.684783,cluttered_bg,R,U,False,0.755,True,50.5
2026-08-02T15:54:52.427775,cluttered_bg,S,S,True,0.955,True,49.4
2026-08-02T15:54:57.544929,cluttered_bg,T,T,True,0.76,True,47.1
2026-08-02T15:55:01.077662,cluttered_bg,U,U,True,0.8,True,48.4
2026-08-02T15:55:03.359703,cluttered_bg,V,V,True,0.83,True,47.8
2026-08-02T15:55:08.048380,cluttered_bg,W,W,True,1.0,True,47.1
2026-08-02T15:55:12.030456,cluttered_bg,X,X,True,0.96,True,56.3
2026-08-02T15:55:15.266797,cluttered_bg,Y,Y,True,0.98,True,45.9
2026-08-02T15:55:18.270406,cluttered_bg,Z,Z,True,0.83,True,47.2
2026-08-02T15:55:39.684757,cluttered_bg,A,A,True,0.995,True,45.8
2026-08-02T15:55:43.852738,cluttered_bg,B,B,True,1.0,True,44.6
2026-08-02T15:55:46.604496,cluttered_bg,C,C,True,1.0,True,44.2
2026-08-02T15:55:53.179992,cluttered_bg,D,D,True,0.98,True,46.3
2026-08-02T15:55:56.544033,cluttered_bg,E,E,True,0.975,True,51.7
2026-08-02T15:55:59.440002,cluttered_bg,F,F,True,0.995,True,48.5
2026-08-02T15:56:03.595495,cluttered_bg,G,G,True,1.0,True,48.5
2026-08-02T15:56:10.703005,cluttered_bg,H,H,True,0.985,True,48.1
2026-08-02T15:56:14.077968,cluttered_bg,I,I,True,0.975,True,55.5
2026-08-02T15:56:28.942496,cluttered_bg,J,J,True,0.54,True,50.7
2026-08-02T15:56:35.015420,cluttered_bg,K,K,True,0.95,True,47.1
2026-08-02T15:56:38.183259,cluttered_bg,L,L,True,0.99,True,47.2
2026-08-02T15:56:41.308390,cluttered_bg,M,M,True,0.975,True,47.5
2026-08-02T15:56:45.584813,cluttered_bg,N,N,True,0.95,True,47.7
2026-08-02T15:56:47.950818,cluttered_bg,O,O,True,0.955,True,47.4
2026-08-02T15:56:51.383957,cluttered_bg,P,P,True,0.81,True,47.1
2026-08-02T15:56:55.558649,cluttered_bg,Q,Q,True,0.345,True,47.8
2026-08-02T15:56:59.941890,cluttered_bg,R,R,True,0.695,True,46.5
2026-08-02T15:57:03.108372,cluttered_bg,S,S,True,0.945,True,49.0
2026-08-02T15:57:07.576243,cluttered_bg,T,T,True,0.76,True,51.5
2026-08-02T15:57:10.948248,cluttered_bg,U,U,True,0.695,True,46.9
2026-08-02T15:57:13.476131,cluttered_bg,V,V,True,0.815,True,48.9
2026-08-02T15:57:16.328951,cluttered_bg,W,W,True,1.0,True,56.1
2026-08-02T15:57:22.906858,cluttered_bg,X,X,True,0.79,True,49.5
2026-08-02T15:57:25.383079,cluttered_bg,Y,Y,True,0.98,True,47.5
2026-08-02T15:57:27.615019,cluttered_bg,Z,Z,True,0.965,True,47.2
2026-08-02T16:13:15.041035,bright_light,A,A,True,0.995,True,47.1
2026-08-02T16:13:19.734857,bright_light,B,B,True,1.0,True,44.6
2026-08-02T16:13:33.238844,bright_light,C,C,True,0.965,True,45.4
2026-08-02T16:13:41.119564,bright_light,D,D,True,0.99,True,45.1
2026-08-02T16:13:44.641694,bright_light,E,E,True,1.0,True,47.5
2026-08-02T16:13:48.672072,bright_light,F,F,True,1.0,True,49.0
2026-08-02T16:13:54.040844,bright_light,G,G,True,1.0,True,48.1
2026-08-02T16:14:26.729105,bright_light,H,H,True,0.985,True,45.7
2026-08-02T16:14:39.083572,bright_light,I,I,True,0.995,True,49.7
2026-08-02T16:14:44.479854,bright_light,J,J,True,0.88,True,52.6
2026-08-02T16:14:51.762171,bright_light,K,K,True,0.93,True,46.0
2026-08-02T16:14:55.359652,bright_light,L,L,True,0.985,True,44.3
2026-08-02T16:14:58.539843,bright_light,M,M,True,1.0,True,48.5
2026-08-02T16:15:01.779847,bright_light,N,N,True,0.99,True,45.9
2026-08-02T16:15:06.680895,bright_light,O,O,True,0.95,True,47.0
2026-08-02T16:15:16.322678,bright_light,P,P,True,0.78,True,46.7
2026-08-02T16:15:21.511367,bright_light,Q,Q,True,0.825,True,45.4
2026-08-02T16:15:24.929550,bright_light,R,U,False,0.61,True,46.9
2026-08-02T16:15:27.799967,bright_light,S,S,True,0.895,True,45.8
2026-08-02T16:15:35.601643,bright_light,T,T,True,0.505,True,46.8
2026-08-02T16:15:39.479803,bright_light,U,V,False,0.85,True,49.7
2026-08-02T16:15:44.249767,bright_light,V,V,True,0.8,True,46.7
2026-08-02T16:15:47.752732,bright_light,W,W,True,1.0,True,47.3
2026-08-02T16:15:53.141365,bright_light,X,X,True,0.785,True,47.0
2026-08-02T16:15:56.420450,bright_light,Y,Y,True,0.975,True,44.3
2026-08-02T16:15:59.044209,bright_light,Z,Z,True,0.965,True,46.0
2026-08-02T16:16:20.851821,bright_light,A,A,True,0.99,True,51.4
2026-08-02T16:16:23.852082,bright_light,B,B,True,1.0,True,52.6
2026-08-02T16:16:28.071132,bright_light,C,C,True,0.925,True,45.6
2026-08-02T16:16:35.221578,bright_light,D,D,True,0.895,True,48.9
2026-08-02T16:16:38.541221,bright_light,E,E,True,1.0,True,44.6
2026-08-02T16:16:41.434484,bright_light,F,F,True,0.985,True,45.6
2026-08-02T16:16:46.741071,bright_light,G,G,True,0.67,True,45.9
2026-08-02T16:17:06.421001,bright_light,H,H,True,0.995,True,44.9
2026-08-02T16:17:12.641548,bright_light,I,I,True,0.985,True,45.9
2026-08-02T16:17:16.299032,bright_light,J,J,True,0.755,True,45.1
2026-08-02T16:17:20.690857,bright_light,K,K,True,0.81,True,50.7
2026-08-02T16:17:24.710453,bright_light,L,L,True,0.97,True,57.9
2026-08-02T16:17:33.339644,bright_light,M,M,True,0.945,True,49.4
2026-08-02T16:17:39.233848,bright_light,N,N,True,0.865,True,50.1
2026-08-02T16:17:42.350636,bright_light,O,O,True,0.985,True,49.8
2026-08-02T16:17:46.493192,bright_light,P,P,True,0.85,True,45.6
2026-08-02T16:18:00.943920,bright_light,Q,Q,True,0.39,True,49.7
2026-08-02T16:18:07.315076,bright_light,R,U,False,0.6,True,49.8
2026-08-02T16:18:10.585527,bright_light,S,S,True,0.97,True,50.1
2026-08-02T16:18:19.909899,bright_light,T,T,True,0.685,True,52.6
2026-08-02T16:18:23.719751,bright_light,U,U,True,0.685,True,60.4
2026-08-02T16:18:26.208755,bright_light,V,V,True,0.71,True,52.7
2026-08-02T16:18:30.974204,bright_light,W,W,True,1.0,True,82.2
2026-08-02T16:18:35.519909,bright_light,X,X,True,0.97,True,53.7
2026-08-02T16:18:38.359725,bright_light,Y,Y,True,0.97,True,48.7
2026-08-02T16:18:41.019880,bright_light,Z,Z,True,0.895,True,56.0
2026-08-02T16:25:29.709542,bright_light,A,A,True,1.0,True,49.7
2026-08-02T16:25:34.809666,bright_light,B,B,True,1.0,True,48.1
2026-08-02T16:25:40.378840,bright_light,C,C,True,0.96,True,46.6
2026-08-02T16:25:50.393182,bright_light,D,D,True,0.975,True,49.3
2026-08-02T16:25:54.680911,bright_light,E,E,True,1.0,True,47.2
2026-08-02T16:26:02.031157,bright_light,F,F,True,1.0,True,48.3
2026-08-02T16:26:09.519047,bright_light,G,G,True,0.95,True,45.8
2026-08-02T16:26:23.840634,bright_light,H,H,True,0.98,True,46.0
2026-08-02T16:26:30.174651,bright_light,I,I,True,0.995,True,48.4
2026-08-02T16:26:34.263688,bright_light,J,J,True,0.69,True,43.0
2026-08-02T16:26:42.781832,bright_light,K,K,True,0.805,True,46.7
2026-08-02T16:26:46.748808,bright_light,L,L,True,0.845,True,46.4
2026-08-02T16:26:51.579909,bright_light,M,M,True,0.965,True,44.5
2026-08-02T16:27:03.670898,bright_light,N,N,True,0.96,True,45.4
2026-08-02T16:27:08.804264,bright_light,O,O,True,0.955,True,47.0
2026-08-02T16:27:23.237412,bright_light,P,P,True,0.985,True,47.7
2026-08-02T16:27:28.107595,bright_light,Q,Q,True,0.67,True,46.1
2026-08-02T16:27:36.339613,bright_light,R,U,False,0.7,True,51.2
2026-08-02T16:27:41.686851,bright_light,S,S,True,0.975,True,45.6
2026-08-02T16:27:51.355999,bright_light,T,T,True,0.75,True,47.5
2026-08-02T16:27:59.928764,bright_light,U,U,True,0.87,True,44.9
2026-08-02T16:28:03.689673,bright_light,V,V,True,0.96,True,49.3
2026-08-02T16:28:08.371783,bright_light,W,W,True,1.0,True,46.6
2026-08-02T16:28:13.939596,bright_light,X,X,True,0.775,True,46.8
2026-08-02T16:28:17.739802,bright_light,Y,Y,True,0.99,True,61.6
2026-08-02T16:28:20.404159,bright_light,Z,Z,True,0.965,True,49.1
2026-08-02T16:28:34.820175,bright_light,A,A,True,0.975,True,49.7
2026-08-02T16:28:38.423694,bright_light,B,B,True,1.0,True,47.1
2026-08-02T16:28:41.659760,bright_light,C,C,True,0.95,True,46.7
2026-08-02T16:28:48.540736,bright_light,D,D,True,0.985,True,70.1
2026-08-02T16:28:52.992571,bright_light,E,E,True,1.0,True,48.2
2026-08-02T16:28:56.003127,bright_light,F,F,True,1.0,True,48.5
2026-08-02T16:29:00.641267,bright_light,G,G,True,0.88,True,48.0
2026-08-02T16:29:12.910927,bright_light,H,H,True,0.975,True,45.2
2026-08-02T16:29:18.528799,bright_light,I,I,True,0.91,True,49.3
2026-08-02T16:29:24.139924,bright_light,J,Y,False,0.4,True,48.9
2026-08-02T16:29:34.261771,bright_light,K,K,True,0.955,True,49.5
2026-08-02T16:29:39.855550,bright_light,L,L,True,0.95,True,54.8
2026-08-02T16:29:46.292427,bright_light,M,M,True,0.98,True,74.2
2026-08-02T16:29:49.459721,bright_light,N,N,True,0.89,True,48.4
2026-08-02T16:29:52.654867,bright_light,O,O,True,0.985,True,57.2
2026-08-02T16:30:05.520515,bright_light,P,P,True,0.97,True,56.1
2026-08-02T16:30:12.689001,bright_light,Q,Q,True,0.56,True,47.2
2026-08-02T16:30:17.420638,bright_light,R,U,False,0.63,True,48.3
2026-08-02T16:30:21.502534,bright_light,S,S,True,0.89,True,52.4
2026-08-02T16:30:27.810652,bright_light,T,T,True,0.585,True,52.6
2026-08-02T16:30:33.330838,bright_light,U,U,True,0.77,True,50.9
2026-08-02T16:30:43.040901,bright_light,V,V,True,0.99,True,56.8
2026-08-02T16:30:47.375470,bright_light,W,W,True,1.0,True,56.1
2026-08-02T16:30:51.467809,bright_light,X,X,True,0.92,True,54.0
2026-08-02T16:30:54.840789,bright_light,Y,Y,True,1.0,True,49.7
2026-08-02T16:30:57.283697,bright_light,Z,Z,True,0.865,True,50.8
2026-08-02T16:31:09.329621,bright_light,A,A,True,0.99,True,61.3
2026-08-02T16:31:12.267148,bright_light,B,B,True,1.0,True,54.4
2026-08-02T16:31:14.910795,bright_light,C,C,True,0.99,True,53.9
2026-08-02T16:31:20.071525,bright_light,D,D,True,1.0,True,57.5
2026-08-02T16:31:22.964317,bright_light,E,E,True,1.0,True,51.6
2026-08-02T16:31:27.596007,bright_light,F,F,True,0.995,True,50.3
2026-08-02T16:31:34.541365,bright_light,G,G,True,0.97,True,52.3
2026-08-02T16:31:39.418938,bright_light,H,H,True,0.97,True,49.5
2026-08-02T16:31:47.867920,bright_light,I,Y,False,0.65,True,52.1
2026-08-02T16:31:57.804053,bright_light,J,I,False,0.47,True,49.4
2026-08-02T16:32:10.389531,bright_light,K,K,True,0.9,True,55.2
2026-08-02T16:32:14.488869,bright_light,L,L,True,0.96,True,50.6
2026-08-02T16:32:20.114544,bright_light,M,M,True,0.995,True,49.1
2026-08-02T16:32:30.540879,bright_light,N,N,True,0.74,True,52.1
2026-08-02T16:32:33.479560,bright_light,O,O,True,0.965,True,47.9
2026-08-02T16:32:38.044172,bright_light,P,P,True,0.84,True,51.9
2026-08-02T16:32:45.901251,bright_light,Q,Q,True,0.46,True,48.6
2026-08-02T16:32:49.351232,bright_light,R,U,False,0.64,True,51.5
2026-08-02T16:32:53.969999,bright_light,S,S,True,0.975,True,48.6
2026-08-02T16:33:04.290677,bright_light,T,T,True,0.62,True,48.3
2026-08-02T16:33:08.834838,bright_light,U,U,True,0.96,True,52.3
2026-08-02T16:33:11.549977,bright_light,V,V,True,0.915,True,50.2
2026-08-02T16:33:14.749725,bright_light,W,W,True,0.99,True,50.1
2026-08-02T16:33:24.294093,bright_light,X,X,True,0.765,True,52.4
2026-08-02T16:33:27.964158,bright_light,Y,Y,True,0.995,True,50.0
2026-08-02T16:33:30.467352,bright_light,Z,Z,True,0.945,True,53.0
